{"orig": {"slope_gph": -0.013675924744950777, "slope_pph": -0.013694034215132378, "specific_surface": 0.05477613686052951, "chord_length_pph": 9.26403769041239, "chord_length_gph": 63.84489291808833}, "S_43": {"slope_gph": -0.01179163010507073, "slope_pph": -0.011981697510620325, "specific_surface": 0.0479267900424813, "chord_length_pph": 9.268647026146667, "chord_length_gph": 75.38786979229685}, "S_44": {"slope_gph": -0.01233984744216041, "slope_pph": -0.012305621248672786, "specific_surface": 0.049222484994691146, "chord_length_pph": 9.409581821193182, "chord_length_gph": 71.65479590768719}, "S_45": {"slope_gph": -0.012528881206166664, "slope_pph": -0.012604851176073018, "specific_surface": 0.05041940470429207, "chord_length_pph": 9.169306990263705, "chord_length_gph": 70.5906804802883}, "S_46": {"slope_gph": -0.012592800741499962, "slope_pph": -0.012463613504223092, "specific_surface": 0.04985445401689237, "chord_length_pph": 9.89084144483701, "chord_length_gph": 69.62107897973226}, "S_47": {"slope_gph": -0.011959995695151937, "slope_pph": -0.011888787357989157, "specific_surface": 0.04755514943195663, "chord_length_pph": 9.957302324904445, "chord_length_gph": 73.71405245215685}, "S_48": {"slope_gph": -0.01197425793551865, "slope_pph": -0.012111494553715518, "specific_surface": 0.04844597821486207, "chord_length_pph": 9.24274865529774, "chord_length_gph": 74.16380244873477}, "S_49": {"slope_gph": -0.012384655646397125, "slope_pph": -0.012395399352739245, "specific_surface": 0.04958159741095698, "chord_length_pph": 9.980991453305586, "chord_length_gph": 70.75542913903487}, "S_50": {"slope_gph": -0.012335694980866651, "slope_pph": -0.012219851358505228, "specific_surface": 0.04887940543402091, "chord_length_pph": 10.103764471248267, "chord_length_gph": 71.05667750050176}, "S_51": {"slope_gph": -0.012542678426086473, "slope_pph": -0.012453857531130921, "specific_surface": 0.049815430124523684, "chord_length_pph": 9.727076505989181, "chord_length_gph": 70.06959320364392}, "S_52": {"slope_gph": -0.012413915387874841, "slope_pph": -0.01245730731639294, "specific_surface": 0.04982922926557176, "chord_length_pph": 9.598241976631385, "chord_length_gph": 70.9229701098134}, "S_53": {"slope_gph": -0.012463329677553148, "slope_pph": -0.012387305929002501, "specific_surface": 0.049549223716010005, "chord_length_pph": 9.63352125829102, "chord_length_gph": 70.66062182292333}, "S_54": {"slope_gph": -0.012247479205218958, "slope_pph": -0.012237465472598075, "specific_surface": 0.0489498618903923, "chord_length_pph": 10.059231650184616, "chord_length_gph": 71.59844775456574}, "S_55": {"slope_gph": -0.01243090394239732, "slope_pph": -0.012490989785736602, "specific_surface": 0.04996395914294641, "chord_length_pph": 9.739140139151603, "chord_length_gph": 70.65845766889653}, "S_56": {"slope_gph": -0.012094968870485445, "slope_pph": -0.012055114147965229, "specific_surface": 0.048220456591860916, "chord_length_pph": 9.86715045083811, "chord_length_gph": 72.84436896319504}, "S_57": {"slope_gph": -0.012111199079496237, "slope_pph": -0.012057866492879876, "specific_surface": 0.048231465971519505, "chord_length_pph": 9.469046623415577, "chord_length_gph": 73.14085865367889}, "S_58": {"slope_gph": -0.012570860558429583, "slope_pph": -0.012524036980682052, "specific_surface": 0.05009614792272821, "chord_length_pph": 9.850947038107607, "chord_length_gph": 69.73479428281182}, "S_59": {"slope_gph": -0.011967162780193998, "slope_pph": -0.011852187610354191, "specific_surface": 0.047408750441416764, "chord_length_pph": 9.656582292033068, "chord_length_gph": 73.9981891501976}, "S_60": {"slope_gph": -0.012221560792341268, "slope_pph": -0.012131085827181065, "specific_surface": 0.04852434330872426, "chord_length_pph": 9.439540419656684, "chord_length_gph": 72.45294934464488}, "S_61": {"slope_gph": -0.01210518015125217, "slope_pph": -0.01199406535385845, "specific_surface": 0.0479762614154338, "chord_length_pph": 9.630168887052337, "chord_length_gph": 73.0674896158821}, "S_62": {"slope_gph": -0.01249393932778812, "slope_pph": -0.012532323643571113, "specific_surface": 0.05012929457428445, "chord_length_pph": 9.977918186317101, "chord_length_gph": 70.03023442366101}, "S_63": {"slope_gph": -0.012278797197741387, "slope_pph": -0.01234816741378153, "specific_surface": 0.04939266965512612, "chord_length_pph": 9.699809776333433, "chord_length_gph": 71.6865920028317}}